policyId,policyName,version,effectiveDate,status
POL-001,SBI Policy POL-001 UnderwritingPolicy,1.6,2025-02-05,Active
POL-002,SBI Policy POL-002 CreditLimitPolicy,1.3,2022-10-25,Active
POL-003,SBI Policy POL-003 InterestRatePolicy,5.7,2022-08-06,Active
POL-004,SBI Policy POL-004 RegulatoryPolicy,2.4,2023-12-20,Active
POL-005,SBI Policy POL-005 InterestRatePolicy,1.7,2025-06-09,Active
POL-006,SBI Policy POL-006 UnderwritingPolicy,1.8,2022-01-23,Active
POL-007,SBI Policy POL-007 UnderwritingPolicy,2.2,2023-09-24,Active
POL-008,SBI Policy POL-008 RegulatoryPolicy,4.3,2023-09-15,Active
POL-009,SBI Policy POL-009 UnderwritingPolicy,2.6,2022-01-04,Active
POL-010,SBI Policy POL-010 RegulatoryPolicy,3.7,2023-03-20,Active
POL-011,SBI Policy POL-011 RegulatoryPolicy,5.7,2022-08-29,Active
POL-012,SBI Policy POL-012 InterestRatePolicy,3.3,2022-04-01,Active
POL-013,SBI Policy POL-013 UnderwritingPolicy,3.0,2022-03-19,Active
POL-014,SBI Policy POL-014 RegulatoryPolicy,5.8,2022-09-02,Active
POL-015,SBI Policy POL-015 UnderwritingPolicy,5.1,2022-10-16,Active
POL-016,SBI Policy POL-016 UnderwritingPolicy,5.1,2024-11-14,Active
POL-017,SBI Policy POL-017 InterestRatePolicy,4.1,2024-06-03,Active
POL-018,SBI Policy POL-018 InterestRatePolicy,5.9,2022-03-03,Active
POL-019,SBI Policy POL-019 UnderwritingPolicy,4.9,2024-05-28,Active
POL-020,SBI Policy POL-020 CreditLimitPolicy,3.3,2024-11-06,Active
POL-021,SBI Policy POL-021 CreditLimitPolicy,2.4,2023-09-07,Active
POL-022,SBI Policy POL-022 InterestRatePolicy,3.7,2023-05-07,Active
POL-023,SBI Policy POL-023 UnderwritingPolicy,1.7,2024-08-22,Active
POL-024,SBI Policy POL-024 UnderwritingPolicy,1.8,2022-11-28,Active
POL-025,SBI Policy POL-025 CreditLimitPolicy,2.5,2022-04-17,Active
POL-026,SBI Policy POL-026 InterestRatePolicy,3.4,2022-09-03,Active
POL-027,SBI Policy POL-027 RegulatoryPolicy,5.4,2024-08-08,Active
POL-028,SBI Policy POL-028 UnderwritingPolicy,5.4,2024-10-27,Active
POL-029,SBI Policy POL-029 UnderwritingPolicy,2.4,2022-06-29,Active
POL-030,SBI Policy POL-030 UnderwritingPolicy,5.2,2023-02-28,Active
POL-031,SBI Policy POL-031 CreditLimitPolicy,5.3,2025-01-19,Active
POL-032,SBI Policy POL-032 CreditLimitPolicy,2.4,2024-02-25,Active
POL-033,SBI Policy POL-033 RegulatoryPolicy,3.0,2022-05-24,Active
POL-034,SBI Policy POL-034 RegulatoryPolicy,3.0,2022-01-06,Active
POL-035,SBI Policy POL-035 CreditLimitPolicy,2.4,2022-09-09,Active
POL-036,SBI Policy POL-036 RegulatoryPolicy,5.6,2024-05-21,Active
POL-037,SBI Policy POL-037 UnderwritingPolicy,1.1,2024-12-09,Active
POL-038,SBI Policy POL-038 InterestRatePolicy,5.0,2023-07-28,Active
POL-039,SBI Policy POL-039 InterestRatePolicy,4.2,2022-03-06,Active
POL-040,SBI Policy POL-040 CreditLimitPolicy,3.0,2023-07-10,Active
POL-041,SBI Policy POL-041 InterestRatePolicy,2.1,2023-07-04,Active
POL-042,SBI Policy POL-042 RegulatoryPolicy,5.2,2023-01-03,Active
POL-043,SBI Policy POL-043 InterestRatePolicy,2.6,2022-02-08,Active
POL-044,SBI Policy POL-044 InterestRatePolicy,3.6,2025-05-31,Active
POL-045,SBI Policy POL-045 InterestRatePolicy,3.2,2025-05-08,Active
POL-046,SBI Policy POL-046 UnderwritingPolicy,4.0,2024-01-02,Active
POL-047,SBI Policy POL-047 InterestRatePolicy,2.7,2023-06-28,Active
POL-048,SBI Policy POL-048 CreditLimitPolicy,2.3,2022-02-06,Active
POL-049,SBI Policy POL-049 InterestRatePolicy,4.5,2023-03-09,Active
POL-050,SBI Policy POL-050 UnderwritingPolicy,3.5,2024-09-23,Active
POL-051,SBI Policy POL-051 RegulatoryPolicy,5.5,2022-02-12,Active
POL-052,SBI Policy POL-052 UnderwritingPolicy,3.2,2024-06-20,Active
POL-053,SBI Policy POL-053 CreditLimitPolicy,1.1,2024-07-15,Active
POL-054,SBI Policy POL-054 RegulatoryPolicy,3.5,2023-11-09,Active
POL-055,SBI Policy POL-055 UnderwritingPolicy,4.9,2022-10-23,Active
POL-056,SBI Policy POL-056 CreditLimitPolicy,1.6,2022-01-03,Active
POL-057,SBI Policy POL-057 InterestRatePolicy,3.6,2022-04-19,Active
POL-058,SBI Policy POL-058 CreditLimitPolicy,5.5,2024-10-27,Active
POL-059,SBI Policy POL-059 UnderwritingPolicy,3.8,2023-04-26,Active
POL-060,SBI Policy POL-060 RegulatoryPolicy,3.6,2024-12-19,Active
POL-061,SBI Policy POL-061 CreditLimitPolicy,5.2,2022-10-26,Active
POL-062,SBI Policy POL-062 RegulatoryPolicy,4.2,2024-08-14,Active
POL-063,SBI Policy POL-063 CreditLimitPolicy,4.8,2022-01-01,Active
POL-064,SBI Policy POL-064 CreditLimitPolicy,3.3,2023-10-30,Active
POL-065,SBI Policy POL-065 CreditLimitPolicy,4.7,2023-11-18,Active
POL-066,SBI Policy POL-066 InterestRatePolicy,5.7,2025-05-18,Active
POL-067,SBI Policy POL-067 InterestRatePolicy,1.4,2024-03-11,Active
POL-068,SBI Policy POL-068 CreditLimitPolicy,1.3,2024-11-11,Active
POL-069,SBI Policy POL-069 CreditLimitPolicy,2.3,2022-08-17,Active
POL-070,SBI Policy POL-070 UnderwritingPolicy,1.3,2024-01-09,Active
POL-071,SBI Policy POL-071 UnderwritingPolicy,4.6,2024-09-05,Active
POL-072,SBI Policy POL-072 InterestRatePolicy,4.7,2023-09-13,Active
POL-073,SBI Policy POL-073 InterestRatePolicy,2.0,2025-03-12,Active
POL-074,SBI Policy POL-074 UnderwritingPolicy,4.3,2022-10-01,Active
POL-075,SBI Policy POL-075 RegulatoryPolicy,1.8,2023-01-23,Active
POL-076,SBI Policy POL-076 UnderwritingPolicy,4.2,2025-05-29,Active
POL-077,SBI Policy POL-077 RegulatoryPolicy,5.8,2024-07-14,Active
POL-078,SBI Policy POL-078 CreditLimitPolicy,4.9,2025-06-20,Active
POL-079,SBI Policy POL-079 RegulatoryPolicy,5.7,2022-09-05,Active
POL-080,SBI Policy POL-080 RegulatoryPolicy,4.4,2025-03-13,Active
POL-081,SBI Policy POL-081 InterestRatePolicy,3.8,2024-01-23,Active
POL-082,SBI Policy POL-082 InterestRatePolicy,3.7,2022-05-01,Active
POL-083,SBI Policy POL-083 CreditLimitPolicy,2.4,2023-06-06,Active
POL-084,SBI Policy POL-084 CreditLimitPolicy,5.1,2022-08-03,Active
POL-085,SBI Policy POL-085 InterestRatePolicy,2.6,2024-12-14,Active
POL-086,SBI Policy POL-086 InterestRatePolicy,2.1,2023-10-07,Active
POL-087,SBI Policy POL-087 RegulatoryPolicy,3.8,2023-12-25,Active
POL-088,SBI Policy POL-088 RegulatoryPolicy,1.3,2023-10-15,Active
POL-089,SBI Policy POL-089 RegulatoryPolicy,5.0,2025-04-04,Active
POL-090,SBI Policy POL-090 RegulatoryPolicy,4.0,2023-07-01,Active
POL-091,SBI Policy POL-091 CreditLimitPolicy,4.6,2024-04-16,Active
POL-092,SBI Policy POL-092 InterestRatePolicy,4.3,2023-02-28,Active
POL-093,SBI Policy POL-093 RegulatoryPolicy,4.0,2023-08-28,Active
POL-094,SBI Policy POL-094 CreditLimitPolicy,4.2,2023-12-28,Active
POL-095,SBI Policy POL-095 InterestRatePolicy,5.8,2022-02-11,Active
POL-096,SBI Policy POL-096 RegulatoryPolicy,5.9,2024-10-26,Active
POL-097,SBI Policy POL-097 UnderwritingPolicy,1.6,2022-07-30,Active
POL-098,SBI Policy POL-098 RegulatoryPolicy,2.0,2023-02-09,Active
POL-099,SBI Policy POL-099 RegulatoryPolicy,3.3,2023-12-08,Active
POL-100,SBI Policy POL-100 CreditLimitPolicy,3.6,2023-03-09,Active
